"id","url","address","price","property","floorplanArea","type","bedrooms","bathrooms","tenure","size","nearestStationName","nearestStationDistance"
"125660723","https://rightmove.co.uk/properties/125660723#/?channel=RES_BUY","Cardigan Road, Richmond, TW10","£90,000","","","Garages","","","Leasehold","","Richmond Station","0.5 miles"
"90010798","https://rightmove.co.uk/properties/90010798#/?channel=RES_BUY","Pagoda Avenue, Richmond, TW9","£250,000","","","Studio","","×1","Leasehold","260 sq. ft.","North Sheen Station","0.3 miles"
"124809038","https://rightmove.co.uk/properties/124809038#/?channel=RES_BUY","Sovereign Court, Victoria Villas, Richmond, Surrey, TW9 2JX","£285,000","","","Studio","","","Share of Freehold","","North Sheen Station","0.2 miles"
"120906248","https://rightmove.co.uk/properties/120906248#/?channel=RES_BUY","Kew Gardens Road, Richmond, TW9","£299,950","","","Apartment","×1","×1","Share of Freehold","","Kew Gardens Station","0.2 miles"
"123640850","https://rightmove.co.uk/properties/123640850#/?channel=RES_BUY","Sheendale Road, Richmond, TW9","£299,999","","","Apartment","×1","×1","Leasehold","320 sq. ft.","North Sheen Station","0.3 miles"
"123835367","https://rightmove.co.uk/properties/123835367#/?channel=RES_BUY","Sheen Road, Richmond, TW9","£318,500","","43.2","Flat","","×1","Leasehold","","Richmond Station","0.1 miles"
"124753952","https://rightmove.co.uk/properties/124753952#/?channel=RES_BUY","Garden Road, Richmond, TW9","£325,000","","44.1","Flat","×1","×1","Leasehold","","North Sheen Station","0.1 miles"
"123107918","https://rightmove.co.uk/properties/123107918#/?channel=RES_BUY","Roehampton Vale, Putney","£325,000","","67.5","Flat","×2","×1","Leasehold","","Southfields Station","1.7 miles"
"118313282","https://rightmove.co.uk/properties/118313282#/?channel=RES_BUY","Victoria Villas, Richmond","£325,000","","42.5","Flat","×1","×1","Leasehold","","North Sheen Station","0.2 miles"
"121647620","https://rightmove.co.uk/properties/121647620#/?channel=RES_BUY","Marksbury Avenue, Kew","£325,000","","42.7","Flat","×1","×1","Leasehold","","North Sheen Station","0.2 miles"
"125470616","https://rightmove.co.uk/properties/125470616#/?channel=RES_BUY","Howson Terrace, Richmond Hill, Richmond, TW10","£345,000","","","Flat","","×1","Share of Freehold","","Richmond Station","0.5 miles"
"121922765","https://rightmove.co.uk/properties/121922765#/?channel=RES_BUY","Lewis Road, Richmond","£350,000","","","Flat","×1","×1","Leasehold","","Richmond Station","0.3 miles"
"123717203","https://rightmove.co.uk/properties/123717203#/?channel=RES_BUY","Lower Mortlake Road, Richmond","£350,000","","","Apartment","×1","×1","Freehold","","Richmond Station","0.2 miles"
"85654401","https://rightmove.co.uk/properties/85654401#/?channel=RES_BUY","Adelaide Road, Richmond, TW9","£350,000","","","Apartment","×1","×1","Leasehold","","North Sheen Station","0.2 miles"
"123296765","https://rightmove.co.uk/properties/123296765#/?channel=RES_BUY","Richmond, London, TW9","£350,000","","","Flat","×1","×1","Leasehold","506 sq. ft.","North Sheen Station","0.1 miles"
"121188557","https://rightmove.co.uk/properties/121188557#/?channel=RES_BUY","Richmond, London, TW10","£350,000","","","Flat","×1","×1","Leasehold","463 sq. ft.","Richmond Station","0.6 miles"
"125343641","https://rightmove.co.uk/properties/125343641#/?channel=RES_BUY","Lower Mortlake Road, Richmond, Surrey, TW9","£350,000","","","Apartment","×1","×1","Leasehold","","North Sheen Station","0.3 miles"
"85477248","https://rightmove.co.uk/properties/85477248#/?channel=RES_BUY","Garden Road, Richmond, TW9","£350,000","","","Flat","×1","×1","Leasehold","","North Sheen Station","0.1 miles"
"125019578","https://rightmove.co.uk/properties/125019578#/?channel=RES_BUY","Sheen Road, Richmond, TW10","£350,000","","","Flat","×1","×1","Ask agent","","North Sheen Station","0.2 miles"
"85489575","https://rightmove.co.uk/properties/85489575#/?channel=RES_BUY","Marksbury Avenue, Kew, TW9","£350,000","","","Apartment","×1","×1","Leasehold","","North Sheen Station","0.3 miles"
"113400368","https://rightmove.co.uk/properties/113400368#/?channel=RES_BUY","The Avenue, Kew, Surrey, TW9","£355,000","","","Apartment","×1","×1","Share of Freehold","","Kew Gardens Station","0.3 miles"
"124411202","https://rightmove.co.uk/properties/124411202#/?channel=RES_BUY","Sheen Road, Richmond","£360,000","","65.5","Flat","×2","×1","Leasehold","","North Sheen Station","0.4 miles"
"107594234","https://rightmove.co.uk/properties/107594234#/?channel=RES_BUY","Richmond Upon Thames, London, TW9","£365,000","","","Flat","×1","×1","Leasehold","","Richmond Station","0.1 miles"
"96636220","https://rightmove.co.uk/properties/96636220#/?channel=RES_BUY","Amelia House, 2 Strand Drive, Richmond, Surrey, TW9","£367,500","","46.26","Flat","×1","×1","Leasehold","","Chiswick Station","0.4 miles"
"124723349","https://rightmove.co.uk/properties/124723349#/?channel=RES_BUY","Sheen Road, Richmond","£370,000","","64.7","Flat","×2","×1","Leasehold","","North Sheen Station","0.3 miles"
"85391799","https://rightmove.co.uk/properties/85391799#/?channel=RES_BUY","Sheen Road, Richmond, TW9","£370,000","","69.9","Flat","×2","×1","Leasehold","","North Sheen Station","0.4 miles"
"96590419","https://rightmove.co.uk/properties/96590419#/?channel=RES_BUY","Sandycombe Road, Richmond, TW9","£375,000","","","Apartment","×1","×1","Leasehold","","North Sheen Station","0.3 miles"
"124977806","https://rightmove.co.uk/properties/124977806#/?channel=RES_BUY","Lower Richmond Road, Richmond","£375,000","","48.7","Apartment","×1","×1","Leasehold","","North Sheen Station","0.4 miles"
"122085494","https://rightmove.co.uk/properties/122085494#/?channel=RES_BUY","Garden Road, Richmond","£375,000","","60.0","Flat","×2","×1","Leasehold","","North Sheen Station","0.1 miles"
"124993553","https://rightmove.co.uk/properties/124993553#/?channel=RES_BUY","Kew Bridge, Kew TW9","£375,000","","","House","×4","×1","Ask agent","","Kew Bridge Station","0.2 miles"
"106914620","https://rightmove.co.uk/properties/106914620#/?channel=RES_BUY","Petersham Road, Richmond, UK, TW10","£375,000","","","Apartment","×1","×1","Leasehold","","Richmond Station","0.4 miles"
"113260058","https://rightmove.co.uk/properties/113260058#/?channel=RES_BUY","Dancer Road, Richmond, Surrey, TW9 4LD","£375,000","","","Flat","×1","","Ask agent","","North Sheen Station","0.2 miles"
"120565829","https://rightmove.co.uk/properties/120565829#/?channel=RES_BUY","Cedar House, 35 Melliss Avenue, Kew, TW9","£379,950","","","Apartment","×1","×1","Leasehold","","Kew Gardens Station","0.3 miles"
"115883207","https://rightmove.co.uk/properties/115883207#/?channel=RES_BUY","Duke Street, Richmond, TW9","£380,000","","","Flat","","×1","Leasehold","","Richmond Station","0.2 miles"
"124060034","https://rightmove.co.uk/properties/124060034#/?channel=RES_BUY","Royal Park Gate","£385,000","","","Ground Flat","×2","×1","Leasehold","621 sq. ft.","Hampton Wick Station","1.1 miles"
"115216418","https://rightmove.co.uk/properties/115216418#/?channel=RES_BUY","Cedar House, Melliss Avenue, Kew, TW9","£385,000","","","Apartment","×1","×1","Ask agent","","Kew Gardens Station","0.3 miles"
"114663158","https://rightmove.co.uk/properties/114663158#/?channel=RES_BUY","North Road, Richmond, Surrey, UK, TW9","£385,000","","","Apartment","×1","×1","Leasehold","","Kew Gardens Station","0.2 miles"
"122209064","https://rightmove.co.uk/properties/122209064#/?channel=RES_BUY","Richmond, London, TW9","£390,000","","45.9","Flat","×1","×1","Share of Freehold","409 sq. ft.","North Sheen Station","0.3 miles"
"122762114","https://rightmove.co.uk/properties/122762114#/?channel=RES_BUY","Dee Road, Richmond","£395,000","","","Apartment","×1","×1","Leasehold","","North Sheen Station","0.2 miles"
"119857403","https://rightmove.co.uk/properties/119857403#/?channel=RES_BUY","Forsyth House, 211-217 Lower Richmond Road, Richmond, London, TW9","£399,950","","60.7","Apartment","×1","×1","Leasehold","","North Sheen Station","0.4 miles"
"85442562","https://rightmove.co.uk/properties/85442562#/?channel=RES_BUY","Cardigan Road, Richmond, Surrey, TW10","£400,000","","43.01","Flat","×1","×1","Share of Freehold","","Richmond Station","0.6 miles"
"111130961","https://rightmove.co.uk/properties/111130961#/?channel=RES_BUY","Church Road, Richmond, TW9","£400,000","","","Apartment","×1","×1","Leasehold","","Richmond Station","0.1 miles"
"120609902","https://rightmove.co.uk/properties/120609902#/?channel=RES_BUY","Ellerker Gardens, Richmond, Surrey, TW10","£400,000","","46.2","Apartment","×1","×1","Leasehold","","Richmond Station","0.4 miles"
"125134853","https://rightmove.co.uk/properties/125134853#/?channel=RES_BUY","Union Court, Richmond, Surrey, TW9","£400,000","","","","×1","×1","Leasehold","","Richmond Station","0.2 miles"
"85636671","https://rightmove.co.uk/properties/85636671#/?channel=RES_BUY","Garden Road, Richmond, TW9","£400,000","","","Flat","×2","×1","Leasehold","","North Sheen Station","0.1 miles"
"125130719","https://rightmove.co.uk/properties/125130719#/?channel=RES_BUY","Sheen Road, Richmond, TW10","£400,000","","","Flat","×1","×1","Leasehold","","North Sheen Station","0.2 miles"
"120294281","https://rightmove.co.uk/properties/120294281#/?channel=RES_BUY","Sheen Road, Richmond","£400,000","","65.4","Flat","×2","×1","Leasehold","","North Sheen Station","0.4 miles"
"114553649","https://rightmove.co.uk/properties/114553649#/?channel=RES_BUY","Richmond, Richmond Upon Thames, TW9","£400,000","","","Flat","×2","","Leasehold","721 sq. ft.","North Sheen Station","0.4 miles"
"122569175","https://rightmove.co.uk/properties/122569175#/?channel=RES_BUY","Camel Grove, Kingston Upon Thames","£400,000","","","Flat","×2","×1","Leasehold","625 sq. ft.","Hampton Wick Station","1.1 miles"
"124957451","https://rightmove.co.uk/properties/124957451#/?channel=RES_BUY","Dee Road, Richmond","£405,000","","40.6","Apartment","×1","×1","Leasehold","","North Sheen Station","0.2 miles"
"121503572","https://rightmove.co.uk/properties/121503572#/?channel=RES_BUY","Lower Mortlake Road, Richmond, TW9","£420,000","","","Apartment","×1","×1","Leasehold","","Richmond Station","0.3 miles"
"123664418","https://rightmove.co.uk/properties/123664418#/?channel=RES_BUY","Richmond, London, TW9","£420,000","","","Flat","×1","×1","Leasehold","","Richmond Station","0.3 miles"
"122923184","https://rightmove.co.uk/properties/122923184#/?channel=RES_BUY","Lower Richmond Road, Richmond, Surrey, TW9","£420,000","","50.17","Flat","×1","×1","Leasehold","","North Sheen Station","0.4 miles"
"124828013","https://rightmove.co.uk/properties/124828013#/?channel=RES_BUY","Dancer Road, Kew, Richmond, TW9","£425,000","","47.39","Flat","×1","×1","Share of Freehold","510 sq. ft.","North Sheen Station","0.2 miles"
"125681516","https://rightmove.co.uk/properties/125681516#/?channel=RES_BUY","Niton Road, Kew","£425,000","","","Flat","×1","×1","Leasehold","","North Sheen Station","0.2 miles"
"84758520","https://rightmove.co.uk/properties/84758520#/?channel=RES_BUY","Lower Richmond Road, RICHMOND","£425,000","","58.99","Flat","×2","×1","Leasehold","","North Sheen Station","0.2 miles"
"118878737","https://rightmove.co.uk/properties/118878737#/?channel=RES_BUY","Butler Farm Close, Ham","£425,000","","67.6","Flat","×2","×2","Leasehold","","Teddington Station","1.1 miles"
"115066916","https://rightmove.co.uk/properties/115066916#/?channel=RES_BUY","Richmond Upon Thames, London, TW9","£425,000","","","Flat","×1","×1","Share of Freehold","443 sq. ft.","Richmond Station","0.2 miles"
"102103157","https://rightmove.co.uk/properties/102103157#/?channel=RES_BUY","Sussex House, Kew Road, Kew, Richmond, Surrey, TW9","£425,000","","","Flat","×1","","Leasehold","","Kew Gardens Station","0.3 miles"
"124272362","https://rightmove.co.uk/properties/124272362#/?channel=RES_BUY","Victoria Villas, Richmond","£425,000","","","Flat","×1","×1","Leasehold","","North Sheen Station","0.2 miles"
"124878368","https://rightmove.co.uk/properties/124878368#/?channel=RES_BUY","Sheen Court, Richmond, TW10","£425,000","","","Apartment","×1","","Share of Freehold","","North Sheen Station","0.2 miles"
"84725361","https://rightmove.co.uk/properties/84725361#/?channel=RES_BUY","Victoria Villas, Richmond, TW9","£425,000","","57.7","Apartment","×1","","Ask agent","","North Sheen Station","0.2 miles"
"84021240","https://rightmove.co.uk/properties/84021240#/?channel=RES_BUY","Lower Richmond Road, Richmond","£425,000","","72.4","Flat","×2","×2","Leasehold","","North Sheen Station","0.2 miles"
"120984311","https://rightmove.co.uk/properties/120984311#/?channel=RES_BUY","Eversfield Road, Kew, TW9","£425,000","","","Apartment","×1","×1","Share of Freehold","","Kew Gardens Station","0.4 miles"
"122077799","https://rightmove.co.uk/properties/122077799#/?channel=RES_BUY","Brick Farm Close, Kew","£425,000","","70.7","Flat","×3","×1","Leasehold","","Kew Gardens Station","0.2 miles"
"124814657","https://rightmove.co.uk/properties/124814657#/?channel=RES_BUY","Victoria Villas, Richmond, TW9","£425,000","","","Flat","×1","×1","Leasehold","624 sq. ft.","North Sheen Station","0.2 miles"
"125430653","https://rightmove.co.uk/properties/125430653#/?channel=RES_BUY","Friars Stile Road, Richmond","£425,000","","","Apartment","×1","×1","Leasehold","","Richmond Station","0.6 miles"
"96571510","https://rightmove.co.uk/properties/96571510#/?channel=RES_BUY","Dee Road, Richmond","£435,000","","49.4","Apartment","×1","×1","Leasehold","","North Sheen Station","0.2 miles"
"125652719","https://rightmove.co.uk/properties/125652719#/?channel=RES_BUY","2 Hardwicke Road, Richmond","£435,000","","71.7","Flat","×2","×1","Leasehold","","Teddington Station","0.9 miles"
"125258312","https://rightmove.co.uk/properties/125258312#/?channel=RES_BUY","Lichfield Gardens, Richmond, Surrey, TW9","£435,000","","","Flat","×1","×1","Leasehold","","Richmond Station","0.1 miles"
"116379386","https://rightmove.co.uk/properties/116379386#/?channel=RES_BUY","Sheen Road, Richmond, TW9","£435,000","","","Block of Apartments","×1","","Leasehold","","Richmond Station","0.4 miles"
"125298890","https://rightmove.co.uk/properties/125298890#/?channel=RES_BUY","Ham, Richmond","£435,000","","","Ground Flat","×2","×1","Share of Freehold","","Hampton Wick Station","1.2 miles"
"122894255","https://rightmove.co.uk/properties/122894255#/?channel=RES_BUY","Richmond, London, TW9","£445,000","","","Flat","×1","×1","Leasehold","560 sq. ft.","North Sheen Station","0.4 miles"
"122620019","https://rightmove.co.uk/properties/122620019#/?channel=RES_BUY","Terrano House, Kew Riverside, TW9","£450,000","","54.1","Flat","×1","×1","Leasehold","","Kew Gardens Station","0.4 miles"
"85388727","https://rightmove.co.uk/properties/85388727#/?channel=RES_BUY","Victoria Place, Richmond","£450,000","","","Apartment","×1","×1","Leasehold","","Richmond Station","0.3 miles"
"122925113","https://rightmove.co.uk/properties/122925113#/?channel=RES_BUY","Richmond, London, TW9","£450,000","","","Flat","×1","×1","Leasehold","581 sq. ft.","Richmond Station","0.2 miles"
"120012758","https://rightmove.co.uk/properties/120012758#/?channel=RES_BUY","Lower Richmond Road, Richmond","£450,000","","","Apartment","×1","×1","Leasehold","","North Sheen Station","0.3 miles"
"121257995","https://rightmove.co.uk/properties/121257995#/?channel=RES_BUY","Florence Terrace, Kingston Vale, SW15","£450,000","","","Terraced","×2","×2","Freehold","1,106 sq. ft.","Norbiton Station","2.1 miles"
"124045445","https://rightmove.co.uk/properties/124045445#/?channel=RES_BUY","Friars Stile Road, Richmond","£450,000","","","Apartment","×2","×1","Leasehold","","Richmond Station","0.6 miles"
"115880252","https://rightmove.co.uk/properties/115880252#/?channel=RES_BUY","Eversfield Road, Kew, Surrey, TW9","£450,000","","","Apartment","×2","×1","Leasehold","","Kew Gardens Station","0.4 miles"
"124965014","https://rightmove.co.uk/properties/124965014#/?channel=RES_BUY","Garden Road, Richmond, TW9","£450,000","","","Flat","×2","×1","Leasehold","","North Sheen Station","0.1 miles"
"110158763","https://rightmove.co.uk/properties/110158763#/?channel=RES_BUY","Eversfield Road, Richmond, UK, TW9","£450,000","","66.8","Apartment","×2","×1","Leasehold","","Kew Gardens Station","0.4 miles"
"118049519","https://rightmove.co.uk/properties/118049519#/?channel=RES_BUY","Castlegate, Richmond, TW9","£450,000","","43.4","Apartment","×1","×1","Leasehold","","North Sheen Station","0.3 miles"
"125710100","https://rightmove.co.uk/properties/125710100#/?channel=RES_BUY","Larkfield Road, Richmond, TW9","£450,000","","","Flat","×1","×1","Share of Freehold","","Richmond Station","0.2 miles"
"125121575","https://rightmove.co.uk/properties/125121575#/?channel=RES_BUY","Floyer Close, Richmond","£450,000","","43.2","Flat","×1","×1","Leasehold","","North Sheen Station","0.4 miles"
"85761873","https://rightmove.co.uk/properties/85761873#/?channel=RES_BUY","Biggin Hill Close, Kingston upon Thames, KT2","£459,950","","","Flat","×2","×2","Leasehold","","Teddington Station","0.9 miles"
"122075597","https://rightmove.co.uk/properties/122075597#/?channel=RES_BUY","Tangier Road, Richmond","£460,000","","61.13","Maisonette","×2","×1","Share of Freehold","","North Sheen Station","0.3 miles"
"122933558","https://rightmove.co.uk/properties/122933558#/?channel=RES_BUY","Whitcome Mews, Kew Riverside, Surrey, TW9","£469,950","","","Flat","×1","×1","Leasehold","","Kew Gardens Station","0.4 miles"
"85690395","https://rightmove.co.uk/properties/85690395#/?channel=RES_BUY","Levett Square, Kew","£475,000","","53.5","Flat","×1","×1","Leasehold","","Kew Gardens Station","0.3 miles"
"125347673","https://rightmove.co.uk/properties/125347673#/?channel=RES_BUY","Victoria Villas, Richmond, TW9","£475,000","","54.8","Flat","×1","×1","Leasehold","590 sq. ft.","North Sheen Station","0.2 miles"
"123523205","https://rightmove.co.uk/properties/123523205#/?channel=RES_BUY","Dunstable Road, Richmond, TW9","£475,000","","","Flat","×1","×1","Leasehold","","Richmond Station","0.2 miles"
"90233155","https://rightmove.co.uk/properties/90233155#/?channel=RES_BUY","Strand Drive, Kew, Surrey, TW9","£480,000","","","Apartment","×2","×1","Leasehold","","Chiswick Station","0.6 miles"
"85369638","https://rightmove.co.uk/properties/85369638#/?channel=RES_BUY","Red Lion Street, Richmond, TW9","£485,000","","45.88","Flat","×1","×1","Leasehold","","Richmond Station","0.3 miles"
"121829534","https://rightmove.co.uk/properties/121829534#/?channel=RES_BUY","Dudley Road, Richmond, TW9","£485,000","","52.8","Flat","×2","×1","Leasehold","","Kew Gardens Station","0.4 miles"
"117907955","https://rightmove.co.uk/properties/117907955#/?channel=RES_BUY","Temple Road, Richmond, TW9","£485,000","","","Apartment","×2","×1","Leasehold","","North Sheen Station","0.4 miles"
"122659946","https://rightmove.co.uk/properties/122659946#/?channel=RES_BUY","Mariner Gardens, Ham","£485,000","","","Maisonette","×2","×1","Leasehold","","Strawberry Hill Station","0.9 miles"
"124961600","https://rightmove.co.uk/properties/124961600#/?channel=RES_BUY","Chancery House, Levett Square, Kew, Surrey, TW9","£489,950","","","Apartment","×1","×1","Leasehold","","Kew Gardens Station","0.4 miles"
"122880155","https://rightmove.co.uk/properties/122880155#/?channel=RES_BUY","Levett Square, Kew","£495,000","","55.7","Flat","×1","×1","Leasehold","","Kew Gardens Station","0.4 miles"
"116346020","https://rightmove.co.uk/properties/116346020#/?channel=RES_BUY","Kenmore Close, Kew, SRY, TW9","£495,000","","","Apartment","×2","×1","Share of Freehold","","Kew Gardens Station","0.3 miles"
"96631732","https://rightmove.co.uk/properties/96631732#/?channel=RES_BUY","Wilton Court, Sheen Road, Richmond, TW9","£499,950","","","Apartment","×1","×1","Leasehold","","Richmond Station","0.1 miles"
"121837484","https://rightmove.co.uk/properties/121837484#/?channel=RES_BUY","Shaftesbury Road, Richmond, Surrey, TW9","£499,999","","44.96","Apartment","×1","×1","Share of Freehold","","Richmond Station","0.2 miles"
"125028257","https://rightmove.co.uk/properties/125028257#/?channel=RES_BUY","Sheen Road, Richmond","£500,000","","","Apartment","×1","×1","Leasehold","","Richmond Station","0.1 miles"
"124553912","https://rightmove.co.uk/properties/124553912#/?channel=RES_BUY","Church Road, Richmond, Surrey, TW10","£500,000","","51.6","Apartment","×1","×1","Share of Freehold","","Richmond Station","0.4 miles"
"96645190","https://rightmove.co.uk/properties/96645190#/?channel=RES_BUY","Sheen Road, Richmond, TW9","£500,000","","","Flat","×1","×1","Leasehold","","Richmond Station","0.1 miles"
"125511104","https://rightmove.co.uk/properties/125511104#/?channel=RES_BUY","Abbotts Mead, Ham, Richmond, TW10","£500,000","","59.7","Flat","×2","×1","Leasehold","643 sq. ft.","Teddington Station","1.1 miles"
"118818476","https://rightmove.co.uk/properties/118818476#/?channel=RES_BUY","1a Orchard Road, Richmond, TW9","£500,000","","61.8","Flat","×2","×1","Freehold","","North Sheen Station","0.1 miles"
"123181607","https://rightmove.co.uk/properties/123181607#/?channel=RES_BUY","Dee Road, Richmond, TW9","£500,000","","","Apartment","×2","×1","Leasehold","","North Sheen Station","0.2 miles"
"122963114","https://rightmove.co.uk/properties/122963114#/?channel=RES_BUY","1a Orchard Road, Richmond, TW9","£500,000","","76.6","Flat","×2","×2","Leasehold","","North Sheen Station","0.1 miles"
"123970649","https://rightmove.co.uk/properties/123970649#/?channel=RES_BUY","Acqua House, 41 Melliss Avenue, Richmond, TW9","£505,000","","","Apartment","×1","×1","Leasehold","","Kew Gardens Station","0.4 miles"
"123415433","https://rightmove.co.uk/properties/123415433#/?channel=RES_BUY","Mortlake Road, Richmond, TW9","£505,000","","44.9","Apartment","×1","×1","Leasehold","","Kew Gardens Station","0.2 miles"
"120312935","https://rightmove.co.uk/properties/120312935#/?channel=RES_BUY","Cedar Terrace, Richmond","£515,000","","60.7","Flat","×2","×2","Share of Freehold","","Richmond Station","0.2 miles"
"85575492","https://rightmove.co.uk/properties/85575492#/?channel=RES_BUY","Manning Place, Richmond","£520,000","","62.1","Flat","×2","×2","Share of Freehold","","Richmond Station","0.7 miles"
"125044769","https://rightmove.co.uk/properties/125044769#/?channel=RES_BUY","Sheen Road, Richmond, TW9","£525,000","","","Flat","×2","×1","Leasehold","","Richmond Station","0.2 miles"
"124537433","https://rightmove.co.uk/properties/124537433#/?channel=RES_BUY","Castlegate, Richmond, TW9","£525,000","","64.15","Flat","×2","×2","Leasehold","690 sq. ft.","North Sheen Station","0.3 miles"
"123812411","https://rightmove.co.uk/properties/123812411#/?channel=RES_BUY","Layton Place, Kew, Surrey, TW9","£525,000","","","Apartment","×1","×1","Leasehold","","Kew Gardens Station","0.1 miles"
"122847146","https://rightmove.co.uk/properties/122847146#/?channel=RES_BUY","Larkfield Road, Richmond","£525,000","","55.2","Flat","×1","×1","Share of Freehold","","Richmond Station","0.1 miles"
"120978647","https://rightmove.co.uk/properties/120978647#/?channel=RES_BUY","Dee Road, Richmond","£525,000","","66.0","Apartment","×2","×2","Leasehold","","North Sheen Station","0.2 miles"
"124036016","https://rightmove.co.uk/properties/124036016#/?channel=RES_BUY","Kew Lodge, Kew Road, Richmond, Surrey, TW9","£525,000","","","Flat","×2","","Share of Freehold","","Kew Gardens Station","0.3 miles"
"120536579","https://rightmove.co.uk/properties/120536579#/?channel=RES_BUY","Quintock House, Broomfield Road, Kew, Richmond, Surrey, TW9","£525,000","","","Ground Flat","×2","","Share of Freehold","","Kew Gardens Station","0.1 miles"
"123998990","https://rightmove.co.uk/properties/123998990#/?channel=RES_BUY","Catherine Drive, Richmond, TW9","£525,000","","","Apartment","×2","×1","Leasehold","","Richmond Station","0.1 miles"
"125460884","https://rightmove.co.uk/properties/125460884#/?channel=RES_BUY","Dee Road, Richmond","£525,000","","81.1","Flat","×1","×1","Leasehold","","North Sheen Station","0.2 miles"
"124681913","https://rightmove.co.uk/properties/124681913#/?channel=RES_BUY","Lower Mortlake Road, Richmond","£525,000","","60.1","Flat","×1","×1","Leasehold","","North Sheen Station","0.3 miles"
"121851692","https://rightmove.co.uk/properties/121851692#/?channel=RES_BUY","Catherine Drive, Richmond, TW9","£525,000","","68.5","Flat","×2","×1","Leasehold","","Richmond Station","0.1 miles"
"124824431","https://rightmove.co.uk/properties/124824431#/?channel=RES_BUY","Halford Road, Richmond","£525,000","","","Maisonette","×1","×1","Share of Freehold","","Richmond Station","0.3 miles"
"123053729","https://rightmove.co.uk/properties/123053729#/?channel=RES_BUY","Sussex House, 220 Kew Road, TW9","£525,000","","59.5","Flat","×2","×1","Leasehold","","Kew Gardens Station","0.3 miles"
"122293937","https://rightmove.co.uk/properties/122293937#/?channel=RES_BUY","Sheen Court, Richmond","£535,000","","","Apartment","×2","×1","Leasehold","","North Sheen Station","0.2 miles"
"124406945","https://rightmove.co.uk/properties/124406945#/?channel=RES_BUY","Church Road, Richmond","£535,000","","56.8","Flat","×2","×1","Leasehold","","Richmond Station","0.1 miles"
"122138486","https://rightmove.co.uk/properties/122138486#/?channel=RES_BUY","Stanmore Road, Kew","£535,000","","84.0","Flat","×2","×1","Share of Freehold","","North Sheen Station","0.4 miles"
"124316897","https://rightmove.co.uk/properties/124316897#/?channel=RES_BUY","Sandycombe Road, Kew, TW9","£539,950","","","Apartment","×2","×1","Share of Freehold","","Kew Gardens Station","0.1 miles"
"118525307","https://rightmove.co.uk/properties/118525307#/?channel=RES_BUY","Pagoda Avenue, Richmond, Surrey, TW9","£545,000","","","Flat","×2","×1","Share of Freehold","608 sq. ft.","North Sheen Station","0.3 miles"
"122098091","https://rightmove.co.uk/properties/122098091#/?channel=RES_BUY","Friars Stile Road, Richmond","£549,950","","69.3","Flat","×2","×1","Leasehold","","Richmond Station","0.6 miles"
"124690892","https://rightmove.co.uk/properties/124690892#/?channel=RES_BUY","Clifford Avenue, East Sheen, London, SW14","£549,950","","","Flat","×2","×2","Share of Freehold","","North Sheen Station","0.4 miles"
"119795240","https://rightmove.co.uk/properties/119795240#/?channel=RES_BUY","Courtlands Avenue, Richmond, Surrey, TW9","£550,000","","","Flat","×2","×2","Leasehold","","Kew Gardens Station","0.4 miles"
"124875878","https://rightmove.co.uk/properties/124875878#/?channel=RES_BUY","Chilton Road, Richmond, Surrey, TW9","£550,000","","60.29","End of Terrace","×1","×1","Leasehold","","North Sheen Station","0.3 miles"
"124384880","https://rightmove.co.uk/properties/124384880#/?channel=RES_BUY","Park Road, Richmond, Surrey, TW10","£550,000","","57.13","Flat","×1","×1","Share of Freehold","","Richmond Station","0.6 miles"
"124133567","https://rightmove.co.uk/properties/124133567#/?channel=RES_BUY","Richmond TW9","£550,000","","","Apartment","×2","×1","Share of Freehold","","Richmond Station","0.2 miles"
"123506768","https://rightmove.co.uk/properties/123506768#/?channel=RES_BUY","Dunstable Road, Richmond, TW9","£550,000","","47.9","Apartment","×1","×1","Leasehold","","Richmond Station","0.2 miles"
"122741936","https://rightmove.co.uk/properties/122741936#/?channel=RES_BUY","Mill House, 26 Dunstable Road, Richmond, TW9","£550,000","","","Flat","×1","×1","Leasehold","","Richmond Station","0.1 miles"
"68853979","https://rightmove.co.uk/properties/68853979#/?channel=RES_BUY","Lawn Crescent, Ground Floor Flat, Kew, Surrey, TW9","£550,000","","","Apartment","×1","×1","Freehold","","Kew Gardens Station","0.2 miles"
"124046318","https://rightmove.co.uk/properties/124046318#/?channel=RES_BUY","St. Marys Grove, Richmond","£550,000","","","Apartment","×2","×1","Leasehold","","North Sheen Station","0.3 miles"
"123638789","https://rightmove.co.uk/properties/123638789#/?channel=RES_BUY","Darell Road, Kew, Surrey, TW9","£550,000","","","Apartment","×2","×1","Leasehold","","North Sheen Station","0.2 miles"
"124817504","https://rightmove.co.uk/properties/124817504#/?channel=RES_BUY","West Hall Road, Richmond, TW9","£550,000","","","Flat","×3","×1","Leasehold","","Kew Gardens Station","0.3 miles"
"85420518","https://rightmove.co.uk/properties/85420518#/?channel=RES_BUY","Cardigan Road, Richmond, UK, TW10","£550,000","","","Apartment","×2","×1","Share of Freehold","","Richmond Station","0.5 miles"
"80209479","https://rightmove.co.uk/properties/80209479#/?channel=RES_BUY","Royston Court, Lichfield Road, Kew, Surrey, TW9","£554,995","","","Apartment","×2","×1","Share of Freehold","","Kew Gardens Station","0.2 miles"
"123922997","https://rightmove.co.uk/properties/123922997#/?channel=RES_BUY","Onslow Road, Richmond, TW10","£560,000","","","Apartment","×1","×1","Share of Freehold","","Richmond Station","0.4 miles"
"121721870","https://rightmove.co.uk/properties/121721870#/?channel=RES_BUY","Church Road, Richmond","£570,000","","62.3","Maisonette","×2","×1","Leasehold","","Richmond Station","0.2 miles"
"121842575","https://rightmove.co.uk/properties/121842575#/?channel=RES_BUY","Richmond upon Thames, London, TW9","£570,000","","","Flat","×2","×2","Leasehold","","Richmond Station","0.1 miles"
"124369217","https://rightmove.co.uk/properties/124369217#/?channel=RES_BUY","Lower Richmond Road, Richmond","£575,000","","","Apartment","×2","×2","Leasehold","","North Sheen Station","0.4 miles"
"124918301","https://rightmove.co.uk/properties/124918301#/?channel=RES_BUY","Chatterton Court, Eversfield Road, Richmond, Surrey, TW9","£575,000","","","Flat","×2","×1","Leasehold","","Kew Gardens Station","0.4 miles"
"124192715","https://rightmove.co.uk/properties/124192715#/?channel=RES_BUY","Kenmore Close, Kew, Surrey, TW9","£575,000","","","Apartment","×2","×1","Leasehold","","Kew Gardens Station","0.3 miles"
"123973247","https://rightmove.co.uk/properties/123973247#/?channel=RES_BUY","Sheen Court, Richmond","£575,000","","62.4","Flat","×2","×1","Share of Freehold","","North Sheen Station","0.2 miles"
"124486319","https://rightmove.co.uk/properties/124486319#/?channel=RES_BUY","Ham Street, Richmond","£575,000","","","Detached","×1","×1","Freehold","","Strawberry Hill Station","1.1 miles"
"122089613","https://rightmove.co.uk/properties/122089613#/?channel=RES_BUY","Sheendale Road, Richmond","£575,000","","48.1","Terraced","×1","×1","Freehold","","North Sheen Station","0.3 miles"
"85541313","https://rightmove.co.uk/properties/85541313#/?channel=RES_BUY","Capel Lodge, 244 Kew Road, Kew, Surrey, TW9","£575,000","","","Apartment","×2","×1","Leasehold","","Kew Gardens Station","0.2 miles"
"115160105","https://rightmove.co.uk/properties/115160105#/?channel=RES_BUY","Sheen Park, Richmond","£575,000","","60.8","Flat","×2","×1","Share of Freehold","","Richmond Station","0.2 miles"
"124060862","https://rightmove.co.uk/properties/124060862#/?channel=RES_BUY","Victoria Parade, Sandycombe Road, Kew, Richmond, Surrey, TW9","£580,000","","","Flat","×3","","Leasehold","","Kew Gardens Station","0.1 miles"
"124309349","https://rightmove.co.uk/properties/124309349#/?channel=RES_BUY","Norstead Place, Putney Vale","£580,000","","90.8","Flat","×2","×2","Leasehold","","Southfields Station","1.6 miles"
"123533741","https://rightmove.co.uk/properties/123533741#/?channel=RES_BUY","Ruskin Avenue, Kew, Surrey, TW9","£589,950","","","Apartment","×2","×1","Leasehold","","Kew Gardens Station","0.3 miles"
"125771894","https://rightmove.co.uk/properties/125771894#/?channel=RES_BUY","Trinity Cottages, Richmond","£599,950","","67.0","Terraced","×2","×1","Freehold","","North Sheen Station","0.2 miles"
"85769532","https://rightmove.co.uk/properties/85769532#/?channel=RES_BUY","Eminence House, 76 Lower Mortlake Road, Richmond, Surrey, TW9","£600,000","","","Flat","×2","×2","Leasehold","","Richmond Station","0.3 miles"
"121853891","https://rightmove.co.uk/properties/121853891#/?channel=RES_BUY","Lower Richmond Road, London, SW14","£600,000","","87.7","Maisonette","×3","×1","Share of Freehold","944 sq. ft.","Mortlake Station","0.4 miles"
"123017222","https://rightmove.co.uk/properties/123017222#/?channel=RES_BUY","Dancer Road, Richmond","£600,000","","","Maisonette","×2","×1","Leasehold","","North Sheen Station","0.2 miles"
"122816852","https://rightmove.co.uk/properties/122816852#/?channel=RES_BUY","Church Road, Richmond","£600,000","","75.1","Flat","×2","×1","Share of Freehold","","Richmond Station","0.4 miles"
"85145934","https://rightmove.co.uk/properties/85145934#/?channel=RES_BUY","Church Road, Richmond, TW9","£600,000","","","Apartment","×2","×1","Share of Freehold","","Richmond Station","0.1 miles"
"121380650","https://rightmove.co.uk/properties/121380650#/?channel=RES_BUY","One Victoria Villas, Richmond, Surrey, TW9","£600,000","","","Apartment","×2","×2","Leasehold","","North Sheen Station","0.2 miles"
"119676164","https://rightmove.co.uk/properties/119676164#/?channel=RES_BUY","Salisbury Road, Richmond","£600,000","","59.8","Flat","×2","×1","Leasehold","","Richmond Station","0.2 miles"
"123719636","https://rightmove.co.uk/properties/123719636#/?channel=RES_BUY","Lower Mortlake Road, Richmond, TW9","£600,000","","83.9","Flat","×2","×2","Leasehold","903 sq. ft.","North Sheen Station","0.3 miles"
"119794217","https://rightmove.co.uk/properties/119794217#/?channel=RES_BUY","Queens Court, Queens Road, Richmond, Surrey, TW10","£600,000","","","Flat","×3","×1","Share of Freehold","","Richmond Station","0.6 miles"
"96592348","https://rightmove.co.uk/properties/96592348#/?channel=RES_BUY","Evesham Court, 67 Queens Road, Richmond, TW10","£600,000","","","Apartment","×2","×2","Leasehold","","Richmond Station","0.7 miles"
"76122906","https://rightmove.co.uk/properties/76122906#/?channel=RES_BUY","Richmond Hill Court, Richmond, TW10","£600,000","","","Flat","×1","×1","Share of Freehold","","Richmond Station","0.5 miles"
"124527428","https://rightmove.co.uk/properties/124527428#/?channel=RES_BUY","Friston House, 25 Church Road, Richmond, TW9","£600,000","","74.9","Flat","×2","×1","Share of Freehold","","Richmond Station","0.0 miles"
"121772393","https://rightmove.co.uk/properties/121772393#/?channel=RES_BUY","Lower Richmond Road, East Sheen, SW14","£600,000","","87.7","Flat","×3","×1","Share of Freehold","","Mortlake Station","0.4 miles"
"124117178","https://rightmove.co.uk/properties/124117178#/?channel=RES_BUY","Evesham Court, 67 Queens Road, Richmond, Surrey, TW10","£600,000","","71.25","Flat","×2","×2","Leasehold","","Richmond Station","0.6 miles"
"123817943","https://rightmove.co.uk/properties/123817943#/?channel=RES_BUY","Howson Terrace, Richmond, TW10","£605,000","","","Apartment","×2","×1","Share of Freehold","764 sq. ft.","Richmond Station","0.6 miles"
"118381397","https://rightmove.co.uk/properties/118381397#/?channel=RES_BUY","Norfolk House, Courtlands, Sheen Road, Richmond, TW10","£610,000","","","Apartment","×2","×1","Ask agent","","North Sheen Station","0.3 miles"
"123255344","https://rightmove.co.uk/properties/123255344#/?channel=RES_BUY","Sheen Road, Richmond, TW10","£615,000","","","Apartment","×2","×2","Leasehold","","North Sheen Station","0.3 miles"
"124645148","https://rightmove.co.uk/properties/124645148#/?channel=RES_BUY","Kew Riverside, Kew, Richmond, TW9","£615,000","","74.1","Flat","×1","×1","Leasehold","798 sq. ft.","Kew Gardens Station","0.4 miles"
"85057608","https://rightmove.co.uk/properties/85057608#/?channel=RES_BUY","Cardigan Road","£625,000","","","Flat","×2","×2","Share of Freehold","","Richmond Station","0.5 miles"
"123103154","https://rightmove.co.uk/properties/123103154#/?channel=RES_BUY","Church Road, Richmond, Surrey, TW10","£625,000","","","Flat","×2","×2","Share of Freehold","","Richmond Station","0.3 miles"
"122466488","https://rightmove.co.uk/properties/122466488#/?channel=RES_BUY","Pallister Terrace, Putney","£625,000","","","Terraced","×3","×2","Freehold","","Southfields Station","2.0 miles"
"125661083","https://rightmove.co.uk/properties/125661083#/?channel=RES_BUY","Kings Road, Richmond, TW10","£630,000","","","Apartment","×2","×1","Ask agent","","Richmond Station","0.5 miles"
"117986354","https://rightmove.co.uk/properties/117986354#/?channel=RES_BUY","Richmond Square, Kew Foot Road, Richmond, Surrey, TW9","£650,000","","","Apartment","×1","×1","Leasehold","431 sq. ft.","Richmond Station","0.3 miles"
"125721086","https://rightmove.co.uk/properties/125721086#/?channel=RES_BUY","Richmond Hill Court, Richmond, Surrey, TW10","£650,000","","66.2","Apartment","×2","×1","Share of Freehold","","Richmond Station","0.5 miles"
"124365938","https://rightmove.co.uk/properties/124365938#/?channel=RES_BUY","Levett Square, Kew","£650,000","","72.3","Flat","×2","×2","Leasehold","","Kew Gardens Station","0.3 miles"
"124269155","https://rightmove.co.uk/properties/124269155#/?channel=RES_BUY","Red Lion Street, TW9","£650,000","","","Flat","×2","×1","Leasehold","","Richmond Station","0.3 miles"
"83003910","https://rightmove.co.uk/properties/83003910#/?channel=RES_BUY","The Gateways, Richmond","£650,000","","87.0","Flat","×2","×1","Leasehold","","Richmond Station","0.2 miles"
"84707943","https://rightmove.co.uk/properties/84707943#/?channel=RES_BUY","Petersham Road, Richmond, Surrey, TW10","£650,000","","","Apartment","×2","×2","Share of Freehold","","Richmond Station","0.6 miles"
"125616785","https://rightmove.co.uk/properties/125616785#/?channel=RES_BUY","Queens Road, Richmond, Surrey, TW10","£650,000","","","Flat","×3","×1","Share of Freehold","834 sq. ft.","Richmond Station","0.6 miles"
"120520271","https://rightmove.co.uk/properties/120520271#/?channel=RES_BUY","Sandycombe Road, Richmond, TW9","£670,000","","76.7","House","×2","×1","Ask agent","","Kew Gardens Station","0.4 miles"
"125389355","https://rightmove.co.uk/properties/125389355#/?channel=RES_BUY","Upper Richmond Road West, Richmond","£675,000","","","Apartment","×2","×2","Leasehold","","North Sheen Station","0.3 miles"
"123745238","https://rightmove.co.uk/properties/123745238#/?channel=RES_BUY","Onslow Road, Richmond, Surrey, TW10","£675,000","","","Flat","×1","","Share of Freehold","","Richmond Station","0.5 miles"
"122365226","https://rightmove.co.uk/properties/122365226#/?channel=RES_BUY","Melliss Avenue, Kew","£675,000","","107.2","Flat","×2","×2","Leasehold","","Kew Gardens Station","0.3 miles"
"115433447","https://rightmove.co.uk/properties/115433447#/?channel=RES_BUY","Church Road, Richmond","£675,000","","71.2","Flat","×3","×2","Leasehold","","Richmond Station","0.4 miles"
"125624084","https://rightmove.co.uk/properties/125624084#/?channel=RES_BUY","Onslow Road, Richmond, UK, TW10","£675,000","","","Apartment","×1","×1","Share of Freehold","","Richmond Station","0.4 miles"
"125072546","https://rightmove.co.uk/properties/125072546#/?channel=RES_BUY","Stanley Road, London, SW14","£675,000","","71.79","End of Terrace","×3","×2","Freehold","773 sq. ft.","North Sheen Station","0.4 miles"
"124521179","https://rightmove.co.uk/properties/124521179#/?channel=RES_BUY","Courtlands, Richmond","£675,000","","94.0","Flat","×2","×1","Share of Freehold","","North Sheen Station","0.3 miles"
"121529297","https://rightmove.co.uk/properties/121529297#/?channel=RES_BUY","Trinity Road, Richmond","£675,000","","","Terraced","×2","×1","Freehold","","North Sheen Station","0.2 miles"
"122724092","https://rightmove.co.uk/properties/122724092#/?channel=RES_BUY","Bromwich House, 45 Howson Terrace, Richmond Hill, Richmond, TW10","£675,000","","","Flat","×2","×1","Share of Freehold","","Richmond Station","0.5 miles"
"119534582","https://rightmove.co.uk/properties/119534582#/?channel=RES_BUY","Sheen Road, Richmond, TW9","£675,000","","","Flat","×2","×1","Leasehold","","North Sheen Station","0.3 miles"
"125383073","https://rightmove.co.uk/properties/125383073#/?channel=RES_BUY","North Road, Richmond","£679,950","","84.8","Maisonette","×2","×1","Leasehold","","North Sheen Station","0.2 miles"
"125457584","https://rightmove.co.uk/properties/125457584#/?channel=RES_BUY","Albany Road, Richmond","£680,000","","60.9","Flat","×2","×1","Share of Freehold","","Richmond Station","0.2 miles"
"113733440","https://rightmove.co.uk/properties/113733440#/?channel=RES_BUY","Lavender House, 31 Melliss Avenue, Richmond, TW9","£690,000","","83.4","Flat","×2","×2","Leasehold","","Kew Gardens Station","0.3 miles"
"111482798","https://rightmove.co.uk/properties/111482798#/?channel=RES_BUY","Larkfield Road, Richmond","£695,000","","","Apartment","×2","×2","Leasehold","","Richmond Station","0.1 miles"
"121322651","https://rightmove.co.uk/properties/121322651#/?channel=RES_BUY","Kew Foot Road, Richmond, TW9","£695,000","","","Terraced","×2","×1","Freehold","","Richmond Station","0.2 miles"
"123475718","https://rightmove.co.uk/properties/123475718#/?channel=RES_BUY","Sheen Road","£695,000","","","Apartment","×3","×2","Leasehold","","Richmond Station","0.5 miles"
"85669716","https://rightmove.co.uk/properties/85669716#/?channel=RES_BUY","Sheen Road, Richmond, Surrey, TW9","£695,000","","82.7","Apartment","×3","×1","Leasehold","","North Sheen Station","0.3 miles"
"125145404","https://rightmove.co.uk/properties/125145404#/?channel=RES_BUY","Friars Stile Road, Richmond, Surrey, TW10","£695,000","","","Flat","×2","×1","Share of Freehold","","Richmond Station","0.5 miles"
"122346833","https://rightmove.co.uk/properties/122346833#/?channel=RES_BUY","Richmond Square, Kew Foot Road, Richmond, Surrey, TW9","POA","","","Apartment","×1","×1","Leasehold","538 sq. ft.","Richmond Station","0.3 miles"
"118430888","https://rightmove.co.uk/properties/118430888#/?channel=RES_BUY","Richmond Square, Kew Foot Road, Richmond, Surrey, TW9","£699,000","","","Apartment","×1","×1","Leasehold","538 sq. ft.","Richmond Station","0.3 miles"
"84070071","https://rightmove.co.uk/properties/84070071#/?channel=RES_BUY","Courtlands, Sheen Road, Richmond, TW10","£699,500","","","Apartment","×2","×2","Leasehold","","North Sheen Station","0.3 miles"
"125473316","https://rightmove.co.uk/properties/125473316#/?channel=RES_BUY","Sheen Road, Richmond","£699,950","","66.7","Flat","×2","×1","Leasehold","","Richmond Station","0.1 miles"
"125614847","https://rightmove.co.uk/properties/125614847#/?channel=RES_BUY","Sandycombe Road, Kew, TW9","£699,950","","","End of Terrace","×2","×1","Freehold","","North Sheen Station","0.3 miles"
"119800601","https://rightmove.co.uk/properties/119800601#/?channel=RES_BUY","Church Road, Richmond, Surrey, TW10","£699,950","","","Flat","×3","×1","Leasehold","","Richmond Station","0.3 miles"
"123789011","https://rightmove.co.uk/properties/123789011#/?channel=RES_BUY","Sandycombe Road, Richmond","£699,950","","","Terraced","×2","×1","Freehold","","North Sheen Station","0.3 miles"
"124119119","https://rightmove.co.uk/properties/124119119#/?channel=RES_BUY","Sheen Road, Richmond, TW9","£699,950","","65.6","Flat","×2","×1","Leasehold","","Richmond Station","0.1 miles"
"124301819","https://rightmove.co.uk/properties/124301819#/?channel=RES_BUY","Eel Pie Island, Twickenham","£699,950","","56.5","Flat","×2","×1","Leasehold","","Twickenham Station","0.4 miles"
"124301819","https://rightmove.co.uk/properties/124301819#/?channel=RES_BUY","Eel Pie Island, Twickenham","£699,950","","56.5","Flat","×2","×1","Leasehold","","Twickenham Station","0.4 miles"
"113737193","https://rightmove.co.uk/properties/113737193#/?channel=RES_BUY","Kew Road, Richmond","£699,950","","82.77","Apartment","×2","×2","Leasehold","","Richmond Station","0.2 miles"
"119800601","https://rightmove.co.uk/properties/119800601#/?channel=RES_BUY","Church Road, Richmond, Surrey, TW10","£699,950","","","Flat","×3","×1","Leasehold","","Richmond Station","0.3 miles"
"122672300","https://rightmove.co.uk/properties/122672300#/?channel=RES_BUY","Sheen Road, Richmond, TW9","£699,999","","93.1","Apartment","×3","×2","Ask agent","","North Sheen Station","0.3 miles"
"122452508","https://rightmove.co.uk/properties/122452508#/?channel=RES_BUY","Richmond Square, Kew Foot Road, Richmond, Surrey, TW9","£700,000","","","Apartment","×1","×1","Leasehold","549 sq. ft.","Richmond Station","0.3 miles"
"124688159","https://rightmove.co.uk/properties/124688159#/?channel=RES_BUY","Sheen Park, Richmond","£700,000","","","Apartment","×2","×2","Leasehold","","Richmond Station","0.2 miles"
"124668995","https://rightmove.co.uk/properties/124668995#/?channel=RES_BUY","Church Road, Richmond, TW9","£700,000","","","Flat","×2","×2","Leasehold","","Richmond Station","0.1 miles"
"85551021","https://rightmove.co.uk/properties/85551021#/?channel=RES_BUY","Sandycombe Road, Richmond","£700,000","","95.36","Maisonette","×3","×1","Leasehold","","Kew Gardens Station","0.2 miles"
"125746964","https://rightmove.co.uk/properties/125746964#/?channel=RES_BUY","Richmond Square,
Kew Foot Road,
Richmond,
TW9","£700,000","","","Apartment","×1","×1","Leasehold","538 sq. ft.","Richmond Station","0.4 miles"
"121484198","https://rightmove.co.uk/properties/121484198#/?channel=RES_BUY","Church Road, Richmond, Surrey, TW9","£700,000","","","Apartment","×2","×2","Leasehold","","Richmond Station","0.1 miles"
"122817116","https://rightmove.co.uk/properties/122817116#/?channel=RES_BUY","Petersham Road, Richmond, TW10","£700,000","","","Apartment","×2","×1","Share of Freehold","","Richmond Station","0.5 miles"
"125761757","https://rightmove.co.uk/properties/125761757#/?channel=RES_BUY","Sheen Park, Richmond","£700,000","","","Flat","×2","×1","Share of Freehold","","Richmond Station","0.2 miles"
"125744933","https://rightmove.co.uk/properties/125744933#/?channel=RES_BUY","Richmond Square,
Kew Foot Road,
Richmond,
TW9","£710,000","","","Apartment","×1","×1","Leasehold","592 sq. ft.","Richmond Station","0.4 miles"
"124536575","https://rightmove.co.uk/properties/124536575#/?channel=RES_BUY","Marlborough Road, Richmond, TW10","£710,000","","","Apartment","×1","×1","Leasehold","","Richmond Station","0.6 miles"
"117986534","https://rightmove.co.uk/properties/117986534#/?channel=RES_BUY","Richmond Square, Kew Foot Road, Richmond, Surrey, TW9","£710,000","","","Apartment","×1","×1","Leasehold","538 sq. ft.","Richmond Station","0.3 miles"
"125746514","https://rightmove.co.uk/properties/125746514#/?channel=RES_BUY","Richmond Square,
Kew Foot Road,
Richmond,
TW9","£710,000","","","Apartment","×1","×1","Leasehold","538 sq. ft.","Richmond Station","0.4 miles"
"121056260","https://rightmove.co.uk/properties/121056260#/?channel=RES_BUY","Kew Gardens Road, Richmond, Surrey, TW9","£720,000","","","Apartment","×2","","Leasehold","861 sq. ft.","Kew Gardens Station","0.1 miles"
"125745881","https://rightmove.co.uk/properties/125745881#/?channel=RES_BUY","Richmond Square,
Kew Foot Road,
Richmond,
TW9","£720,000","","","Apartment","×1","×1","Leasehold","538 sq. ft.","Richmond Station","0.4 miles"
"122421314","https://rightmove.co.uk/properties/122421314#/?channel=RES_BUY","Richmond Square, Kew Foot Road, Richmond, Surrey, TW9","£720,000","","","Apartment","×1","×1","Leasehold","538 sq. ft.","Richmond Station","0.3 miles"
"85469763","https://rightmove.co.uk/properties/85469763#/?channel=RES_BUY","Clarence Street, Richmond, TW9","£725,000","","43.1","Flat","×2","×2","Share of Freehold","957 sq. ft.","Richmond Station","0.1 miles"
"122814260","https://rightmove.co.uk/properties/122814260#/?channel=RES_BUY","Church Road, Richmond, TW10","£725,000","","","Flat","×2","×1","Share of Freehold","","Richmond Station","0.2 miles"
"119794193","https://rightmove.co.uk/properties/119794193#/?channel=RES_BUY","Cardigan Road, Richmond, Surrey, TW10","£730,000","","","Flat","×2","×2","Share of Freehold","","Richmond Station","0.5 miles"
"123097949","https://rightmove.co.uk/properties/123097949#/?channel=RES_BUY","Richmond Hill Court, Richmond, TW10","£750,000","","","Apartment","×2","×1","Leasehold","","Richmond Station","0.5 miles"
"125386319","https://rightmove.co.uk/properties/125386319#/?channel=RES_BUY","Ham, Richmond","£750,000","","","Semi-Detached","×3","×2","Freehold","","Strawberry Hill Station","1.1 miles"
"85601187","https://rightmove.co.uk/properties/85601187#/?channel=RES_BUY","Sheen Road, Richmond","£750,000","","","Apartment","×3","×1","Leasehold","","Richmond Station","0.3 miles"
"125170928","https://rightmove.co.uk/properties/125170928#/?channel=RES_BUY","Victoria Cottages, Kew, Surrey, TW9","£750,000","","","House","×2","×1","Freehold","","Kew Gardens Station","0.2 miles"
"118572752","https://rightmove.co.uk/properties/118572752#/?channel=RES_BUY","The Quadrant, Richmond, TW9","£750,000","","","Apartment","×2","×2","Leasehold","","Richmond Station","0.1 miles"
"111374354","https://rightmove.co.uk/properties/111374354#/?channel=RES_BUY","Richmond Upon Thames, London, TW9","£750,000","","","Flat","×3","×1","Leasehold","1,101 sq. ft.","Richmond Station","0.4 miles"
"119855498","https://rightmove.co.uk/properties/119855498#/?channel=RES_BUY","Richmond Hill Court, Richmond, London, TW10","£750,000","","","Flat","×2","×1","Leasehold","","Richmond Station","0.5 miles"
"123896918","https://rightmove.co.uk/properties/123896918#/?channel=RES_BUY","Sheen Road, Richmond, Surrey, TW9","£750,000","","101.4","Apartment","×2","×2","Leasehold","","North Sheen Station","0.3 miles"
"122622134","https://rightmove.co.uk/properties/122622134#/?channel=RES_BUY","New Road, Ham","£764,000","","99.2","House","×3","×1","Freehold","","Teddington Station","1.1 miles"
"124366400","https://rightmove.co.uk/properties/124366400#/?channel=RES_BUY","Alexander La Roche, 100 Kings Road, Richmond, Surrey, UK, TW10","£765,000","","","Apartment","×2","×2","Leasehold","","Richmond Station","0.4 miles"
"123392309","https://rightmove.co.uk/properties/123392309#/?channel=RES_BUY","Courtlands, Richmond","£775,000","","95.2","Flat","×3","×1","Share of Freehold","","North Sheen Station","0.3 miles"
"125512319","https://rightmove.co.uk/properties/125512319#/?channel=RES_BUY","Ham, Richmond","£775,000","","","Semi-Detached","×3","×1","Freehold","989 sq. ft.","Teddington Station","0.9 miles"
"125491499","https://rightmove.co.uk/properties/125491499#/?channel=RES_BUY","Hyde Road, Richmond, Surrey, UK, TW10","£795,000","","","House","×2","×1","Ask agent","","Richmond Station","0.3 miles"
"123919937","https://rightmove.co.uk/properties/123919937#/?channel=RES_BUY","Kings Road, Richmond, TW10","£795,000","","","Apartment","×2","×1","Share of Freehold","","Richmond Station","0.4 miles"
"81523812","https://rightmove.co.uk/properties/81523812#/?channel=RES_BUY","Blake Mews, High Park Road, Kew, TW9","£795,000","","","Apartment","×2","×2","Share of Freehold","","Kew Gardens Station","0.1 miles"
"85735977","https://rightmove.co.uk/properties/85735977#/?channel=RES_BUY","Sandringham House, Courtlands, Sheen Road, Richmond, Surrey, TW10","£799,000","","","Flat","×3","×2","Share of Freehold","1,128 sq. ft.","North Sheen Station","0.3 miles"
"125145401","https://rightmove.co.uk/properties/125145401#/?channel=RES_BUY","Sandringham House, Courtlands, Sheen Road, Richmond, TW10","£799,000","","","Flat","×3","×2","Leasehold","","North Sheen Station","0.3 miles"
"117603926","https://rightmove.co.uk/properties/117603926#/?channel=RES_BUY","Richmond Hill, Richmond, TW10","£800,000","","","Flat","×2","×1","Leasehold","","Richmond Station","0.5 miles"
"96629428","https://rightmove.co.uk/properties/96629428#/?channel=RES_BUY","Courtlands, Sheen Road, Richmond, TW10","£800,000","","","Flat","×3","×2","Leasehold","","North Sheen Station","0.3 miles"
"119392385","https://rightmove.co.uk/properties/119392385#/?channel=RES_BUY","Lonsdale Mews, Kew","£800,000","","81.8","Terraced","×3","×2","Freehold","","Kew Gardens Station","0.1 miles"
"123690359","https://rightmove.co.uk/properties/123690359#/?channel=RES_BUY","Richmond Hill Court, Richmond","£800,000","","81.4","Flat","×3","×1","Share of Freehold","","Richmond Station","0.5 miles"
"88841119","https://rightmove.co.uk/properties/88841119#/?channel=RES_BUY","The Quadrant, Richmond, TW9","£800,000","","","Flat","×2","×2","Leasehold","538 sq. ft.","Richmond Station","0.1 miles"
"120984308","https://rightmove.co.uk/properties/120984308#/?channel=RES_BUY","Maze Road, Kew, Surrey, TW9","£820,000","","","Apartment","×3","×1","Leasehold","","Kew Gardens Station","0.4 miles"
"125242601","https://rightmove.co.uk/properties/125242601#/?channel=RES_BUY","Star & Garter House, Richmond Hill, Richmond, Surrey, TW10","£820,000","","48.6","Apartment","×1","","Leasehold","","Richmond Station","0.9 miles"
"124987859","https://rightmove.co.uk/properties/124987859#/?channel=RES_BUY","Melliss Avenue, Kew, Surrey, TW9","£820,000","","","Apartment","×2","×2","Leasehold","","Kew Gardens Station","0.4 miles"
"125116265","https://rightmove.co.uk/properties/125116265#/?channel=RES_BUY","Star & Garter Home, Richmond, TW10","£820,000","","49.4","Apartment","×1","×1","Leasehold","532 sq. ft.","Richmond Station","0.9 miles"
"125589248","https://rightmove.co.uk/properties/125589248#/?channel=RES_BUY","Lower Richmond Road, Richmond","£825,000","","115.8","Terraced","×4","×2","Freehold","","North Sheen Station","0.4 miles"
"124117181","https://rightmove.co.uk/properties/124117181#/?channel=RES_BUY","Friars Stile Road, Richmond, Surrey, TW10","£825,000","","93.64","Flat","×2","×2","Leasehold","","Richmond Station","0.6 miles"
"85590366","https://rightmove.co.uk/properties/85590366#/?channel=RES_BUY","Mount Ararat Road, Richmond, TW10","£825,000","","","Flat","×2","×1","Share of Freehold","","Richmond Station","0.2 miles"
"124523462","https://rightmove.co.uk/properties/124523462#/?channel=RES_BUY","Levett Square, Kew","£830,000","","85.5","Flat","×2","×2","Leasehold","","Kew Gardens Station","0.4 miles"
"123212855","https://rightmove.co.uk/properties/123212855#/?channel=RES_BUY","Dorchester House, 8 Strand Drive, Richmond, TW9","£840,000","","86.5","Apartment","×3","×2","Leasehold","","Chiswick Station","0.4 miles"
"124819451","https://rightmove.co.uk/properties/124819451#/?channel=RES_BUY","Sandycombe Road, Kew, Surrey, TW9","£845,000","","","Terraced","×3","×2","Freehold","","North Sheen Station","0.3 miles"
"123454391","https://rightmove.co.uk/properties/123454391#/?channel=RES_BUY","Richmond, London, TW10","£850,000","","","Block of Apartments","×2","","Share of Freehold","764 sq. ft.","Richmond Station","0.6 miles"
"123217859","https://rightmove.co.uk/properties/123217859#/?channel=RES_BUY","Richmond Hill, Richmond, TW10","£850,000","","78.1","Apartment","×2","×1","Ask agent","","Richmond Station","0.5 miles"
"124435544","https://rightmove.co.uk/properties/124435544#/?channel=RES_BUY","Thamesgate Close, Richmond, TW10","£850,000","","","Detached","×3","×1","Freehold","","Teddington Station","0.8 miles"
"121115459","https://rightmove.co.uk/properties/121115459#/?channel=RES_BUY","Richmond Hill, Richmond, TW10","£850,000","","78.1","Flat","×2","×1","Share of Freehold","","Richmond Station","0.5 miles"
"122654897","https://rightmove.co.uk/properties/122654897#/?channel=RES_BUY","Queens Road, Richmond, Surrey, TW10","£850,000","","","Flat","×3","×2","Share of Freehold","","Richmond Station","0.7 miles"
"125666048","https://rightmove.co.uk/properties/125666048#/?channel=RES_BUY","Selwyn Court, Church Road, Richmond, Surrey, TW10","£850,000","","","Flat","×3","×1","Share of Freehold","","Richmond Station","0.5 miles"
"124772630","https://rightmove.co.uk/properties/124772630#/?channel=RES_BUY","Priors Lodge, Richmond Hill, Richmond, TW10","£850,000","","71.93","Flat","×2","×1","Share of Freehold","774 sq. ft.","Richmond Station","0.5 miles"
"125734946","https://rightmove.co.uk/properties/125734946#/?channel=RES_BUY","Temple Road, Kew, Richmond, Surrey, TW9","£865,000","","","Terraced","×3","","Freehold","","North Sheen Station","0.4 miles"
"125163782","https://rightmove.co.uk/properties/125163782#/?channel=RES_BUY","Alexandra Road, Richmond, TW9","£874,950","","81.8","","×2","×1","Ask agent","","Kew Gardens Station","0.3 miles"
"125122046","https://rightmove.co.uk/properties/125122046#/?channel=RES_BUY","Alexandra Road, Kew, Surrey, TW9","£874,950","","","Terraced","×2","×1","Freehold","","Kew Gardens Station","0.3 miles"
"84755028","https://rightmove.co.uk/properties/84755028#/?channel=RES_BUY","St. Georges Road, Richmond","£875,000","","95.3","Terraced","×4","×2","Freehold","","North Sheen Station","0.2 miles"
"125070059","https://rightmove.co.uk/properties/125070059#/?channel=RES_BUY","Sandycombe Road, Kew, Surrey, TW9","£875,000","","","Terraced","×2","×2","Freehold","","North Sheen Station","0.3 miles"
"125654852","https://rightmove.co.uk/properties/125654852#/?channel=RES_BUY","Cambridge Cottages, Kew, Surrey, TW9","£890,000","","","Terraced","×2","×1","Freehold","","Kew Bridge Station","0.3 miles"
"125243300","https://rightmove.co.uk/properties/125243300#/?channel=RES_BUY","Alton Road, Richmond, Surrey, TW9","£900,000","","","Terraced","×2","×1","Freehold","1,024 sq. ft.","Richmond Station","0.2 miles"
"85768602","https://rightmove.co.uk/properties/85768602#/?channel=RES_BUY","Parkshot, Richmond","£900,000","","82.21","Flat","×2","×2","Leasehold","","Richmond Station","0.1 miles"
"123213641","https://rightmove.co.uk/properties/123213641#/?channel=RES_BUY","Niton Road, Kew","£900,000","","101.8","Semi-Detached","×3","×2","Freehold","","North Sheen Station","0.2 miles"
"111482795","https://rightmove.co.uk/properties/111482795#/?channel=RES_BUY","Larkfield Road, Richmond","£925,000","","79.38","Apartment","×2","×2","Leasehold","","Richmond Station","0.1 miles"
"85746216","https://rightmove.co.uk/properties/85746216#/?channel=RES_BUY","Alton Road, Richmond, Surrey, TW9","£925,000","","","End of Terrace","×2","×2","Freehold","884 sq. ft.","Richmond Station","0.2 miles"
"119794643","https://rightmove.co.uk/properties/119794643#/?channel=RES_BUY","Halford Road, Richmond, Surrey, TW10","£930,000","","","Flat","×2","×1","Leasehold","","Richmond Station","0.3 miles"
"115504091","https://rightmove.co.uk/properties/115504091#/?channel=RES_BUY","Raleigh Road, Richmond","£949,950","","","Terraced","×4","×1","Freehold","","North Sheen Station","0.2 miles"
"107980550","https://rightmove.co.uk/properties/107980550#/?channel=RES_BUY","Parkshot, Richmond Green, Richmond.","£949,950","","100.7","Apartment","×2","×2","Leasehold","","Richmond Station","0.1 miles"
"125587616","https://rightmove.co.uk/properties/125587616#/?channel=RES_BUY","Gainsborough Road, Kew","£950,000","","109.8","Terraced","×3","×3","Freehold","","North Sheen Station","0.2 miles"
"124724201","https://rightmove.co.uk/properties/124724201#/?channel=RES_BUY","The Alberts","£950,000","","","Cottage","×2","×2","Freehold","","Richmond Station","0.3 miles"
"124959485","https://rightmove.co.uk/properties/124959485#/?channel=RES_BUY","Manor Grove, Richmond","£950,000","","119.0","Terraced","×3","×2","Freehold","","North Sheen Station","0.2 miles"
"124476305","https://rightmove.co.uk/properties/124476305#/?channel=RES_BUY","Ham Street, Ham","£950,000","","104.6","Terraced","×3","×1","Freehold","","Twickenham Station","1.0 miles"
"96610657","https://rightmove.co.uk/properties/96610657#/?channel=RES_BUY","Lock Road, Ham","£950,000","","105.1","Terraced","×3","×1","Freehold","","Teddington Station","1.0 miles"
"118866455","https://rightmove.co.uk/properties/118866455#/?channel=RES_BUY","Hill Street, Richmond, Surrey, TW9","£975,000","","","Apartment","×3","×2","Ask agent","1,087 sq. ft.","Richmond Station","0.4 miles"
"120499397","https://rightmove.co.uk/properties/120499397#/?channel=RES_BUY","The Close, Richmond","£975,000","","","Semi-Detached","×3","×1","Freehold","","North Sheen Station","0.3 miles"
"125794352","https://rightmove.co.uk/properties/125794352#/?channel=RES_BUY","Onslow Road, Richmond, TW10","£975,000","","","Flat","×2","×1","Share of Freehold","","Richmond Station","0.4 miles"
"124500089","https://rightmove.co.uk/properties/124500089#/?channel=RES_BUY","Hill Street, Richmond, TW9","£975,000","","","Apartment","×3","×2","Leasehold","","Richmond Station","0.4 miles"
"123899684","https://rightmove.co.uk/properties/123899684#/?channel=RES_BUY","Alton Road, Richmond, TW9","£1,000,000","","","Terraced","×3","×2","Freehold","","Richmond Station","0.1 miles"
"124425893","https://rightmove.co.uk/properties/124425893#/?channel=RES_BUY","Ormond Road","£1,000,000","","","Apartment","×3","×1","Share of Freehold","","Richmond Station","0.3 miles"
"121945190","https://rightmove.co.uk/properties/121945190#/?channel=RES_BUY","Star & Garter House, Richmond Hill, Richmond, TW10","£1,000,000","","57.51","Apartment","×1","×1","Leasehold","","Richmond Station","1.0 miles"
"124093850","https://rightmove.co.uk/properties/124093850#/?channel=RES_BUY","Alton Road, Richmond","£1,000,000","","93.7","Terraced","×3","×2","Freehold","","Richmond Station","0.2 miles"
"85399920","https://rightmove.co.uk/properties/85399920#/?channel=RES_BUY","Hardwicke House, 1 Chislehurst Road, Richmond, TW10","£1,050,000","","","Apartment","×3","×1","Leasehold","","Richmond Station","0.4 miles"
"123101930","https://rightmove.co.uk/properties/123101930#/?channel=RES_BUY","Hardwicke House, 1 Chislehurst Road, Richmond, Surrey, TW10","£1,050,000","","96.3","Apartment","×3","×2","Leasehold","","Richmond Station","0.4 miles"
"116513486","https://rightmove.co.uk/properties/116513486#/?channel=RES_BUY","Kew Green, Kew, TW9","£1,095,000","","","Terraced","×2","×2","Freehold","","Kew Bridge Station","0.3 miles"
"124457243","https://rightmove.co.uk/properties/124457243#/?channel=RES_BUY","Lock Road, Ham","£1,095,000","","108.4","House","×3","×3","Freehold","","Teddington Station","1.1 miles"
"106461527","https://rightmove.co.uk/properties/106461527#/?channel=RES_BUY","Worple Way, Richmond, TW10","£1,100,000","","","End of Terrace","×2","×2","Freehold","","Richmond Station","0.3 miles"
"124871054","https://rightmove.co.uk/properties/124871054#/?channel=RES_BUY","Onslow Avenue, Richmond","£1,100,000","","93.2","Flat","×2","×2","Share of Freehold","","Richmond Station","0.3 miles"
"123868049","https://rightmove.co.uk/properties/123868049#/?channel=RES_BUY","Queens Road","£1,100,000","","","Apartment","×2","×1","Share of Freehold","","Richmond Station","0.6 miles"
"122653493","https://rightmove.co.uk/properties/122653493#/?channel=RES_BUY","Kings Road, Richmond, TW10","£1,150,000","","","Apartment","×3","×2","Share of Freehold","","Richmond Station","0.5 miles"
"124594541","https://rightmove.co.uk/properties/124594541#/?channel=RES_BUY","Sandycombe Road, Kew, Richmond, Surrey, TW9","£1,150,000","","","Terraced","×5","","Freehold","","Kew Gardens Station","0.1 miles"
"123976718","https://rightmove.co.uk/properties/123976718#/?channel=RES_BUY","Juniper House, 29 Melliss Avenue, Kew, Surrey, TW9","£1,195,000","","117.8","Apartment","×2","×2","Leasehold","","Kew Gardens Station","0.4 miles"
"124984265","https://rightmove.co.uk/properties/124984265#/?channel=RES_BUY","Sheendale Road, Richmond, TW9","£1,200,000","","","","×2","×1","Ask agent","","North Sheen Station","0.3 miles"
"119800598","https://rightmove.co.uk/properties/119800598#/?channel=RES_BUY","Cedar Terrace, Richmond, Surrey, TW9","£1,200,000","","","Terraced","×4","×2","Freehold","","Richmond Station","0.3 miles"
"125655437","https://rightmove.co.uk/properties/125655437#/?channel=RES_BUY","Vine Row, Lancaster Park, Richmond, TW10","£1,250,000","","","Terraced","×4","×2","Freehold","","Richmond Station","0.4 miles"
"85092981","https://rightmove.co.uk/properties/85092981#/?channel=RES_BUY","Windsor Road, Kew, Surrey, TW9","£1,250,000","","","House","×5","×2","Freehold","","Kew Gardens Station","0.4 miles"
"121111565","https://rightmove.co.uk/properties/121111565#/?channel=RES_BUY","St. Marys Grove, Richmond","£1,250,000","","101.9","Semi-Detached","×3","×1","Freehold","","North Sheen Station","0.3 miles"
"123215591","https://rightmove.co.uk/properties/123215591#/?channel=RES_BUY","Marlborough Road, Richmond","£1,250,000","","136.4","Flat","×3","×3","Share of Freehold","","Richmond Station","0.6 miles"
"123908411","https://rightmove.co.uk/properties/123908411#/?channel=RES_BUY","Gloucester Road, Kew, Surrey, TW9","£1,295,000","","","Terraced","×3","×1","Freehold","","Kew Gardens Station","0.4 miles"
"118372829","https://rightmove.co.uk/properties/118372829#/?channel=RES_BUY","Ham Gate Avenue, Richmond, Surrey, TW10","£1,295,000","","","Cottage","×2","×2","Freehold","","Teddington Station","1.5 miles"
"122398799","https://rightmove.co.uk/properties/122398799#/?channel=RES_BUY","Forest Road, Kew, Surrey, TW9","£1,295,000","","","Terraced","×4","×2","Freehold","","Kew Gardens Station","0.3 miles"
"123553217","https://rightmove.co.uk/properties/123553217#/?channel=RES_BUY","Derby Road, London, East Sheen, SW14","£1,300,000","","141.3","Semi-Detached","×3","×3","Freehold","","North Sheen Station","0.5 miles"
"123892361","https://rightmove.co.uk/properties/123892361#/?channel=RES_BUY","Houblon Road","£1,300,000","","","End of Terrace","×3","×2","Freehold","","Richmond Station","0.2 miles"
"119800628","https://rightmove.co.uk/properties/119800628#/?channel=RES_BUY","Hillbrow, Richmond Hill, Richmond, Surrey, TW10","£1,300,000","","","Flat","×4","×2","Share of Freehold","","Richmond Station","0.6 miles"
"121106258","https://rightmove.co.uk/properties/121106258#/?channel=RES_BUY","Richmond, London, TW10","£1,300,000","","","Flat","×3","×2","Ask agent","1,280 sq. ft.","Richmond Station","0.5 miles"
"124559438","https://rightmove.co.uk/properties/124559438#/?channel=RES_BUY","Chilton Road, Kew, Surrey, TW9","£1,350,000","","","House","×4","","Freehold","","North Sheen Station","0.3 miles"
"124455191","https://rightmove.co.uk/properties/124455191#/?channel=RES_BUY","Jocelyn Road, Richmond","£1,350,000","","135.4","Terraced","×3","×2","Freehold","","Richmond Station","0.3 miles"
"125223809","https://rightmove.co.uk/properties/125223809#/?channel=RES_BUY","The Vineyard, Richmond","£1,350,000","","118.34","Terraced","×3","×1","Freehold","","Richmond Station","0.3 miles"
"124312019","https://rightmove.co.uk/properties/124312019#/?channel=RES_BUY","Silver Birches Close, Richmond, TW10","£1,400,000","","","House","×2","×2","Ask agent","","Richmond Station","0.4 miles"
"85571628","https://rightmove.co.uk/properties/85571628#/?channel=RES_BUY","Broadhurst Close, Richmond, TW10","£1,400,000","","65.9","Terraced","×4","×3","Freehold","","North Sheen Station","0.6 miles"
"124513496","https://rightmove.co.uk/properties/124513496#/?channel=RES_BUY","Marchmont Road, Richmond, Surrey, TW10","£1,400,000","","89.2","Terraced","×2","×2","Freehold","","Richmond Station","0.4 miles"
"125521682","https://rightmove.co.uk/properties/125521682#/?channel=RES_BUY","Gloucester Road, Kew, Richmond, Surrey, TW9","£1,425,000","","","End of Terrace","×4","","Freehold","","Kew Gardens Station","0.3 miles"
"96593533","https://rightmove.co.uk/properties/96593533#/?channel=RES_BUY","Taylor Avenue, Richmond, TW9","£1,425,000","","","Semi-Detached","×4","×2","Freehold","","Kew Gardens Station","0.4 miles"
"123963797","https://rightmove.co.uk/properties/123963797#/?channel=RES_BUY","Lock Road, Richmond, Surrey, TW10","£1,450,000","","","Semi-Detached","×3","×2","Freehold","","Teddington Station","1.1 miles"
"106950542","https://rightmove.co.uk/properties/106950542#/?channel=RES_BUY","Station Parade, Kew, Surrey, TW9","£1,475,000","","","Apartment","×4","×3","Leasehold","","Kew Gardens Station","0.0 miles"
"116082308","https://rightmove.co.uk/properties/116082308#/?channel=RES_BUY","Little Green, Richmond, TW9","£1,500,000","","","Apartment","×3","×3","Leasehold","","Richmond Station","0.1 miles"
"124517768","https://rightmove.co.uk/properties/124517768#/?channel=RES_BUY","Halford Road, Richmond, TW10","£1,550,000","","85.2","Flat","×3","×3","Share of Freehold","","Richmond Station","0.3 miles"
"85483926","https://rightmove.co.uk/properties/85483926#/?channel=RES_BUY","Petersham Road, Richmond, London, TW10","£1,595,000","","","Apartment","×2","×2","Share of Freehold","","Richmond Station","0.6 miles"
"120603461","https://rightmove.co.uk/properties/120603461#/?channel=RES_BUY","Richmond Hill, Richmond, TW10.","£1,595,000","","","Flat","×3","×2","Share of Freehold","","Richmond Station","0.6 miles"
"124365956","https://rightmove.co.uk/properties/124365956#/?channel=RES_BUY","Park House, Richmond Hill, Richmond, TW10","£1,595,000","","","Apartment","×3","×2","Ask agent","","Richmond Station","0.6 miles"
"124517300","https://rightmove.co.uk/properties/124517300#/?channel=RES_BUY","Evelyn Road, Richmond, TW9","£1,600,000","","42.7","Terraced","×4","×2","Freehold","","Richmond Station","0.3 miles"
"120349676","https://rightmove.co.uk/properties/120349676#/?channel=RES_BUY","Ormond Road, Richmond, Surrey, TW10","£1,600,000","","164.6","Terraced","×4","×2","Freehold","","Richmond Station","0.3 miles"
"124252895","https://rightmove.co.uk/properties/124252895#/?channel=RES_BUY","Manor Road, Richmond, Surrey, TW9","£1,600,000","","176.0","Semi-Detached","×5","×3","Freehold","","North Sheen Station","0.1 miles"
"125342105","https://rightmove.co.uk/properties/125342105#/?channel=RES_BUY","Denehurst Gardens, Richmond, TW10","£1,625,000","","206.1","Semi-Detached","×5","×2","Freehold","","North Sheen Station","0.2 miles"
"124878080","https://rightmove.co.uk/properties/124878080#/?channel=RES_BUY","Defoe Avenue, Kew, TW9","£1,650,000","","","End of Terrace","×4","×2","Freehold","","Kew Gardens Station","0.3 miles"
"118489991","https://rightmove.co.uk/properties/118489991#/?channel=RES_BUY","Star and Garter   , Richmond Hill, Richmond, London, TW10","£1,700,000","","136.79","Apartment","×2","×2","Leasehold","","Richmond Station","0.9 miles"
"124623122","https://rightmove.co.uk/properties/124623122#/?channel=RES_BUY","Larkfield Road Richmond","£1,750,000","","","Semi-Detached","×5","×3","Freehold","","Richmond Station","0.1 miles"
"123227279","https://rightmove.co.uk/properties/123227279#/?channel=RES_BUY","Bushwood Road, Richmond, Surrey, TW9","£1,750,000","","","Semi-Detached","×5","×3","Freehold","","Kew Bridge Station","0.4 miles"
"124568819","https://rightmove.co.uk/properties/124568819#/?channel=RES_BUY","Bainbridge Close, Ham, Richmond, TW10","£1,750,000","","","Detached","×5","×3","Freehold","","Kingston Station","1.1 miles"
"123285077","https://rightmove.co.uk/properties/123285077#/?channel=RES_BUY","Salamander Close, Kingston Upon Thames","£1,750,000","","160.71","Detached","×4","×2","Freehold","","Teddington Station","0.9 miles"
"125563031","https://rightmove.co.uk/properties/125563031#/?channel=RES_BUY","Lock Road, Richmond, TW10","£1,750,000","","76.3","Semi-Detached","×4","×2","Ask agent","","Teddington Station","1.1 miles"
"125661065","https://rightmove.co.uk/properties/125661065#/?channel=RES_BUY","Salamander Close, North Kingston, Kingston upon Thames, KT2","£1,750,000","","165.6","Detached","×5","×2","Freehold","1,782 sq. ft.","Teddington Station","0.9 miles"
"123239249","https://rightmove.co.uk/properties/123239249#/?channel=RES_BUY","Arlington Road, Richmond, TW10","£1,800,000","","","Semi-Detached","×5","×3","Ask agent","","Twickenham Station","1.2 miles"
"125637644","https://rightmove.co.uk/properties/125637644#/?channel=RES_BUY","King George Square, Richmond Hill, TW10","£1,800,000","","152.4","House","×4","×3","Freehold","","Richmond Station","0.8 miles"
"125621120","https://rightmove.co.uk/properties/125621120#/?channel=RES_BUY","King George Square, Richmond","£1,800,000","","152.4","Terraced","×4","×3","Freehold","","Richmond Station","0.8 miles"
"125655509","https://rightmove.co.uk/properties/125655509#/?channel=RES_BUY","Arlington Road, Richmond, TW10","£1,800,000","","190.6","House","×5","×3","Freehold","","Twickenham Station","1.2 miles"
"125242037","https://rightmove.co.uk/properties/125242037#/?channel=RES_BUY","Petersham Road, Richmond, Surrey, TW10","£1,850,000","","175.74","Detached","×5","×1","Freehold","","St. Margarets Station","1.3 miles"
"88349213","https://rightmove.co.uk/properties/88349213#/?channel=RES_BUY","Nylands Avenue, Kew, Surrey, TW9","£1,895,000","","","Detached","×4","×2","Freehold","","Kew Gardens Station","0.2 miles"
"88349213","https://rightmove.co.uk/properties/88349213#/?channel=RES_BUY","Nylands Avenue, Kew, Surrey, TW9","£1,895,000","","","Detached","×4","×2","Freehold","","Kew Gardens Station","0.2 miles"
"125458712","https://rightmove.co.uk/properties/125458712#/?channel=RES_BUY","Townshend Terrace, Richmond","£1,900,000","","152.5","Semi-Detached","×4","×2","Freehold","","North Sheen Station","0.3 miles"
"121327904","https://rightmove.co.uk/properties/121327904#/?channel=RES_BUY","Larkfield Road, Richmond","£2,000,000","","","Detached","×5","×4","Freehold","","Richmond Station","0.1 miles"
"122270057","https://rightmove.co.uk/properties/122270057#/?channel=RES_BUY","Ham Farm Road, London TW10","£2,000,000","","","Detached","×4","×3","Freehold","2,121 sq. ft.","Hampton Wick Station","1.3 miles"
"125062166","https://rightmove.co.uk/properties/125062166#/?channel=RES_BUY","Ham Farm Road, Richmond","£2,000,000","","","Detached","×4","×2","Freehold","1,800 sq. ft.","Hampton Wick Station","1.3 miles"
"120563954","https://rightmove.co.uk/properties/120563954#/?channel=RES_BUY","Layton Place, Kew, Richmond, TW9","£2,100,000","","","Detached","×5","×4","Freehold","","Kew Gardens Station","0.1 miles"
"119840750","https://rightmove.co.uk/properties/119840750#/?channel=RES_BUY","Barrons Chase, Richmond, Surrey, TW10","£2,100,000","","","Semi-Detached","×5","×3","Freehold","","Kingston Station","1.1 miles"
"123733673","https://rightmove.co.uk/properties/123733673#/?channel=RES_BUY","Larkfield Road, Richmond","£2,200,000","","","Terraced","×5","×3","Freehold","","Richmond Station","0.1 miles"
"123420251","https://rightmove.co.uk/properties/123420251#/?channel=RES_BUY","Kew Green, Kew, TW9","£2,250,000","","","House","×4","×1","Freehold","","Kew Bridge Station","0.3 miles"
"124395647","https://rightmove.co.uk/properties/124395647#/?channel=RES_BUY","The Vineyard, Richmond, Surrey, TW10","£2,300,000","","145.7","Terraced","×3","×2","Freehold","","Richmond Station","0.4 miles"
"123534524","https://rightmove.co.uk/properties/123534524#/?channel=RES_BUY","Lawn Crescent, Kew, Surrey, TW9","£2,490,000","","","Semi-Detached","×5","×2","Freehold","","Kew Gardens Station","0.2 miles"
"124085348","https://rightmove.co.uk/properties/124085348#/?channel=RES_BUY","Bainbridge Close, Ham, Richmond","£2,500,000","","304.5","Detached","×6","×5","Freehold","3,278 sq. ft.","Kingston Station","1.1 miles"
"124981910","https://rightmove.co.uk/properties/124981910#/?channel=RES_BUY","Mortlake Road, Kew, TW9","£2,500,000","","","Detached","×3","×2","Freehold","2,600 sq. ft.","Kew Gardens Station","0.3 miles"
"125242121","https://rightmove.co.uk/properties/125242121#/?channel=RES_BUY","Queens Road, Richmond Hill","£2,500,000","","","Detached","×5","×1","Freehold","","Richmond Station","0.6 miles"
"125145407","https://rightmove.co.uk/properties/125145407#/?channel=RES_BUY","Onslow Avenue, Richmond, Surrey, TW10","£2,500,000","","","Terraced","×4","×2","Freehold","","Richmond Station","0.4 miles"
"123198416","https://rightmove.co.uk/properties/123198416#/?channel=RES_BUY","Kings Road, Richmond, TW10","£2,550,000","","","Semi-Detached","×5","×3","Ask agent","","Richmond Station","0.3 miles"
"122654411","https://rightmove.co.uk/properties/122654411#/?channel=RES_BUY","Kings Road","£2,550,000","","","Semi-Detached","×5","×3","Freehold","","Richmond Station","0.3 miles"
"124533830","https://rightmove.co.uk/properties/124533830#/?channel=RES_BUY","Broomfield Road, Kew, Richmond, TW9","£2,700,000","","96.3","Flat","×4","×4","Share of Freehold","2,468 sq. ft.","Kew Gardens Station","0.2 miles"
"124125203","https://rightmove.co.uk/properties/124125203#/?channel=RES_BUY","Queens Road, Richmond, TW10","£2,750,000","","131.6","Detached","×5","×2","Freehold","","Richmond Station","0.6 miles"
"114746006","https://rightmove.co.uk/properties/114746006#/?channel=RES_BUY","Queens Road, Richmond, Surrey, TW10","£2,750,000","","258.4","Detached","×5","×2","Freehold","","Richmond Station","0.6 miles"
"123287345","https://rightmove.co.uk/properties/123287345#/?channel=RES_BUY","Birchgrove House, Strand Drive, Kew, TW9","£2,750,000","","","Apartment","×5","×3","Leasehold","","Chiswick Station","0.4 miles"
"124462172","https://rightmove.co.uk/properties/124462172#/?channel=RES_BUY","Pagoda Avenue, Richmond, Surrey, TW9","£2,750,000","","260.86","Semi-Detached","×5","×3","Freehold","","North Sheen Station","0.4 miles"
"123053525","https://rightmove.co.uk/properties/123053525#/?channel=RES_BUY","Lion Gate Gardens, Richmond, TW9","£2,750,000","","263.6","Semi-Detached","×5","×2","Freehold","","North Sheen Station","0.3 miles"
"123870251","https://rightmove.co.uk/properties/123870251#/?channel=RES_BUY","Sandycombe Road, Kew Surrey, TW9","£2,800,000","","","Semi-Detached","×6","×4","Freehold","2,804 sq. ft.","Kew Gardens Station","0.2 miles"
"114306314","https://rightmove.co.uk/properties/114306314#/?channel=RES_BUY","Sandycombe Road, Kew, Surrey, TW9","£2,800,000","","","Semi-Detached","×6","×4","Ask agent","","Kew Gardens Station","0.2 miles"
"122879453","https://rightmove.co.uk/properties/122879453#/?channel=RES_BUY","Sandycombe Road, Richmond, TW9","£2,800,000","","","Detached","×9","×8","Freehold","2,849 sq. ft.","Kew Gardens Station","0.2 miles"
"122642966","https://rightmove.co.uk/properties/122642966#/?channel=RES_BUY","Sandycombe Road, London, TW9","£2,800,000","","177.8","Semi-Detached","","","Ask agent","","Kew Gardens Station","0.2 miles"
"85107819","https://rightmove.co.uk/properties/85107819#/?channel=RES_BUY","Ham Street, Richmond, TW10","£2,900,000","","","Detached","×3","×3","Freehold","","Strawberry Hill Station","1.2 miles"
"125244497","https://rightmove.co.uk/properties/125244497#/?channel=RES_BUY","Richmond Hill, Richmond, TW10","£2,950,000","","","Flat","×3","×2","Leasehold","","Richmond Station","0.9 miles"
"84709041","https://rightmove.co.uk/properties/84709041#/?channel=RES_BUY","Floyer Close, Richmond, Surrey, TW10","£2,995,000","","310.1","Detached","×6","×5","Freehold","","North Sheen Station","0.4 miles"
"73943927","https://rightmove.co.uk/properties/73943927#/?channel=RES_BUY","Mortlake Road, Kew, Richmond, Surrey, TW9","£3,000,000","","","Detached","×5","×5","Freehold","","Kew Gardens Station","0.3 miles"
"124737671","https://rightmove.co.uk/properties/124737671#/?channel=RES_BUY","Mortlake Road, Kew, Surrey, TW9","£3,000,000","","","Detached","×5","×5","Freehold","","Kew Gardens Station","0.3 miles"
"74763217","https://rightmove.co.uk/properties/74763217#/?channel=RES_BUY","The Church, Cambridge Road, Kew, Surrey, TW9","£3,195,000","","","Detached","×5","×5","Freehold","","Kew Gardens Station","0.4 miles"
"84784578","https://rightmove.co.uk/properties/84784578#/?channel=RES_BUY","Church Road, Richmond, Surrey, TW9","£3,250,000","","266.2","Semi-Detached","×5","×3","Freehold","","Richmond Station","0.1 miles"
"122050745","https://rightmove.co.uk/properties/122050745#/?channel=RES_BUY","Floyer Close, Richmond, TW10","£3,250,000","","143.4","Detached","×6","×6","Freehold","","North Sheen Station","0.4 miles"
"123802379","https://rightmove.co.uk/properties/123802379#/?channel=RES_BUY","Floyer Close, Richmond, Surrey, TW10","£3,250,000","","340.6","Detached","×7","×6","Freehold","","North Sheen Station","0.4 miles"
"85583298","https://rightmove.co.uk/properties/85583298#/?channel=RES_BUY","Richmond, Surrey, TW10","£3,300,000","","","Terraced","×7","×3","Freehold","","North Sheen Station","0.3 miles"
"106913681","https://rightmove.co.uk/properties/106913681#/?channel=RES_BUY","West Hall Road, Richmond, Surrey, UK, TW9","£3,400,000","","","Detached","×6","×2","Freehold","","Kew Gardens Station","0.3 miles"
"84908928","https://rightmove.co.uk/properties/84908928#/?channel=RES_BUY","West Hall Manor, West Hall Road, Kew, TW9","£3,400,000","","","Detached","×6","×2","Freehold","","Kew Gardens Station","0.3 miles"
"124585358","https://rightmove.co.uk/properties/124585358#/?channel=RES_BUY","Paradise Road, Richmond, Surrey, TW9","£3,500,000","","346.4","Terraced","×5","×5","Freehold","","Richmond Station","0.2 miles"
"124294508","https://rightmove.co.uk/properties/124294508#/?channel=RES_BUY","Mount Ararat Road, Richmond","£3,500,000","","277.1","Semi-Detached","×5","×2","Freehold","","Richmond Station","0.3 miles"
"125406482","https://rightmove.co.uk/properties/125406482#/?channel=COM_BUY","Eel Pie Island Slipways, Twickenham","£3,500,000","","","","","","","","Twickenham Station","0.4 miles"
"108500255","https://rightmove.co.uk/properties/108500255#/?channel=RES_BUY","Lion Gate Gardens, Kew, Surrey, TW9","£3,650,000","","","Detached","×5","×4","Freehold","","North Sheen Station","0.4 miles"
"109949066","https://rightmove.co.uk/properties/109949066#/?channel=RES_BUY","Lion Gate Gardens, Richmond, Surrey, TW9","£3,650,000","","271.9","Detached","×5","×4","Freehold","","North Sheen Station","0.3 miles"
"120460793","https://rightmove.co.uk/properties/120460793#/?channel=RES_BUY","The Avenue, Kew, Surrey, TW9","£3,750,000","","","Detached","×7","×2","Freehold","","Kew Gardens Station","0.3 miles"
"78670845","https://rightmove.co.uk/properties/78670845#/?channel=RES_BUY","West Hall Road, Kew, Surrey, TW9","£3,750,000","","","House","×6","×2","Freehold","","Kew Gardens Station","0.3 miles"
"123214646","https://rightmove.co.uk/properties/123214646#/?channel=RES_BUY","Marlborough Road, Richmond, Surrey, TW10","£3,750,000","","243.8","Semi-Detached","×5","×2","Freehold","","Richmond Station","0.6 miles"
"123822512","https://rightmove.co.uk/properties/123822512#/?channel=RES_BUY","Kings Road, Richmond, Surrey, TW10","£4,000,000","","326.4","Detached","×6","×4","Freehold","","Richmond Station","0.3 miles"
"123822512","https://rightmove.co.uk/properties/123822512#/?channel=RES_BUY","Kings Road, Richmond, Surrey, TW10","£4,000,000","","326.4","Detached","×6","×4","Freehold","","Richmond Station","0.3 miles"
"85057422","https://rightmove.co.uk/properties/85057422#/?channel=RES_BUY","West Hall Road, Richmond, TW9","£4,300,000","","","Detached","×6","×2","Freehold","4,940 sq. ft.","Kew Gardens Station","0.3 miles"
"116068925","https://rightmove.co.uk/properties/116068925#/?channel=RES_BUY","West Hall Manor, Kew","£4,300,000","","","Manor House","×6","×2","Freehold","3,466 sq. ft.","Kew Gardens Station","0.3 miles"
"122624345","https://rightmove.co.uk/properties/122624345#/?channel=RES_BUY",", Kew, Richmond, Surrey, TW9","£4,300,000","","77.7","Detached","×7","×3","Freehold","5,048 sq. ft.","Kew Gardens Station","0.3 miles"
"84908931","https://rightmove.co.uk/properties/84908931#/?channel=RES_BUY","West Hall Manor, West Hall Road, Kew, TW9","£4,300,000","","","Detached","×7","×2","Freehold","","Kew Gardens Station","0.3 miles"
"120679346","https://rightmove.co.uk/properties/120679346#/?channel=RES_BUY","Pembroke Villas, The Green, Richmond, TW9","£4,800,000","","","Semi-Detached","×5","×3","Freehold","","Richmond Station","0.3 miles"
"124958318","https://rightmove.co.uk/properties/124958318#/?channel=RES_BUY","Star and Garter House, Richmond Hill, Richmond, Surrey, TW10","£4,950,000","","178.8","Apartment","×3","×3","Leasehold","","Richmond Station","0.9 miles"
"123615968","https://rightmove.co.uk/properties/123615968#/?channel=RES_BUY","Petersham Road, Richmond, Surrey, TW10","£5,000,000","","359.8","Semi-Detached","×7","×5","Freehold","","St. Margarets Station","1.2 miles"
"125477237","https://rightmove.co.uk/properties/125477237#/?channel=RES_BUY","Petersham Road, Richmond, TW10","£5,000,000","","359.8","House","×7","×4","Freehold","","St. Margarets Station","1.2 miles"
"113529638","https://rightmove.co.uk/properties/113529638#/?channel=RES_BUY","Kew Road, Richmond, TW9","£5,500,000","","","Detached","×17","","Freehold","","Kew Gardens Station","0.3 miles"
"115947425","https://rightmove.co.uk/properties/115947425#/?channel=RES_BUY","Kew Road, Richmond, TW9","£5,500,000","","595.1","Detached","×14","×14","Freehold","6,615 sq. ft.","Kew Gardens Station","0.2 miles"
"113480618","https://rightmove.co.uk/properties/113480618#/?channel=RES_BUY","Richmond upon Thames, London, TW9","£5,500,000","","","Detached","×14","×10","Freehold","","Kew Gardens Station","0.2 miles"
"113531897","https://rightmove.co.uk/properties/113531897#/?channel=RES_BUY","Creefleet House, Kew Road, Richmond, Surrey, TW9","£5,500,000","","","Detached","×13","×14","Freehold","","Kew Gardens Station","0.2 miles"
"125089127","https://rightmove.co.uk/properties/125089127#/?channel=RES_BUY","Kings Road, Richmond, TW10","£5,700,000","","151.7","Semi-Detached","×7","×4","Freehold","","Richmond Station","0.3 miles"
"122467241","https://rightmove.co.uk/properties/122467241#/?channel=RES_BUY","Sudbrook Lane, Richmond, TW10","£6,950,000","","","Detached","×6","×3","Freehold","","St. Margarets Station","1.1 miles"
"96621700","https://rightmove.co.uk/properties/96621700#/?channel=RES_BUY","Sudbrook Lane, Richmond, TW10","£6,950,000","","411.8","Detached","×6","×3","Freehold","","St. Margarets Station","1.2 miles"
"96627382","https://rightmove.co.uk/properties/96627382#/?channel=RES_BUY","Church Road, Ham, Richmond, TW10","£8,250,000","","88.0","Detached","×8","×6","Freehold","","Kingston Station","1.2 miles"
